engine,topic,resolution,video_duration_seconds,generation_time_seconds,output_size_mb
manim,Newton's Second Law,medium,13.6,39.16,0.37
manim,Newton's Second Law,medium,13.6,31.4,0.37
manim,Newton's Second Law,medium,13.6,37.05,0.37
manim,Newton's Second Law,medium,13.6,17.29,0.37
manim_dynamic,Photosynthesis,medium,23.9,26.22,0.71
manim,Newton's Second Law,medium,13.6,12.32,0.37
manim_dynamic,Photosynthesis,medium,23.9,26.84,0.71
manim_dynamic,Binary Search,medium,23.9,25.74,0.69
manim,Newton's Second Law,medium,13.6,11.5,0.37
manim_dynamic,Photosynthesis,medium,23.9,24.63,0.71
manim,Newton's Second Law,medium,13.6,11.52,0.37
manim,Newton's Second Law,medium,13.6,11.09,0.37
manim_dynamic,Binary Search Algorithm,low,23.93,19.59,0.41
manim,Newton's Second Law,medium,13.6,10.23,0.37
manim_dynamic,Newton's Second Law of Motion,low,19.0,11.02,0.27
manim,Newton's Second Law,medium,13.6,11.05,0.37
manim_dynamic,Photosynthesis,medium,23.9,22.27,0.71
manim,Newton's Second Law,medium,13.6,11.59,0.37
manim_dynamic,Newton's Second Law of Motion,low,19.0,10.58,0.26
manim_dynamic,Newton's Second Law of Motion,low,23.93,37.68,0.33
manim_dynamic,Photosynthesis,low,34.0,47.91,0.72
